episode,score
1,-147.65251434731005
2,-291.8138746386719
3,-81.44113477041047
4,-56.615627761856246
5,-356.17791542356605
6,-90.49941188323534
7,-107.25203695045357
8,-230.4417098592641
9,-87.31941337446999
10,-147.90183425348567
11,-160.25000100939263
12,-91.13267172520426
13,-414.9375671643896
14,-89.85415611593154
15,-337.6472669928839
16,-66.8787544353789
17,-57.18760211882596
18,-102.4022500173238
19,-198.0388468215281
20,-265.5902529960423
21,-154.43374409485787
22,-10.088341636126316
23,-81.94463959816326
24,-107.99491411401769
25,-342.8568384199089
26,-8.318620856363424
27,-61.97444303379991
28,-129.2076740747266
29,-157.8874694545491
30,-109.60851103525016
31,-445.4254522384024
32,-113.65451336432378
33,-217.10251301704517
34,-176.58774789581577
35,-175.06760882497696
36,-237.89120578635072
37,-143.083315083471
38,-119.6933664396066
39,-173.27322864667403
40,-88.1908590210117
41,-200.62316869805255
42,-54.03980998416999
43,-102.49802705340008
44,-96.50364814254559
45,-37.51479467811764
46,-126.04647590561055
47,-5.473505718369353
48,-3.208396145266093
49,-267.33857967435324
50,-107.42804443522094
51,-141.58935121519386
52,-78.43054931235898
53,-101.18812897924607
54,-101.62070270214076
55,-89.34273063580366
56,-159.9386122727701
57,-56.15888066273439
58,-255.09939459656078
59,-109.7348344970827
60,-114.45723978793893
61,-181.51227244432104
62,-53.45647297522899
63,-142.95717604635269
64,-138.63679899579137
65,-108.72676604828114
66,-85.25153205442298
67,-61.5183146719681
68,-69.52490327251645
69,-92.77153722232873
70,-109.23701941542197
71,-141.8917786502475
72,-51.536155159397104
73,-72.4660357114571
74,-23.370521689737203
75,-88.51692596771028
76,-63.101935896302514
77,-144.31702975771302
78,-89.26638198892998
79,-77.82867219098566
80,-261.46262738627183
81,-91.92654383900035
82,-100.93442411063872
83,-85.19306178692712
84,-84.6240444701566
85,-93.17730194382838
86,-157.3325307193838
87,-66.86221413908383
88,-121.24766685078112
89,-45.71165150996026
90,-100.27928875367796
91,-178.70835377439
92,-27.22738759862574
93,-89.22364648538003
94,-98.69312842632559
95,-36.89737011799704
96,-104.0795883015891
97,-97.37919500469415
98,-51.366045333184445
99,-9.241519663922926
100,-37.27551050575737
101,-17.080415084058217
102,-35.765476575654276
103,-55.76182292072095
104,-28.896831578388216
105,-67.75015675288634
106,-226.7965545679683
107,-105.47130389783239
108,-25.434413960922058
109,-29.287756771363107
110,-72.34086065662754
111,-118.6394833243701
112,-101.80134428624714
113,2.1053155911935164
114,-9.857079158039852
115,-65.7818302759174
116,-65.0243436391186
117,-41.427528515349366
118,-29.958556210859342
119,-45.180164159537455
120,47.01356326374884
121,-29.91720457576963
122,-64.53252502198482
123,-82.5066898561465
124,-41.11871881511274
125,-81.78171593244589
126,-41.948185098058815
127,42.614651592077365
128,-67.56781575931237
129,-133.03148121662394
130,15.143892345503378
131,-98.68247231202031
132,-191.46486491601684
133,-45.81480742406782
134,-11.779114930708005
135,-24.604310453811593
136,-81.10901129109651
137,-29.588799987494355
138,-34.454301442466004
139,-144.48183430729074
140,-52.13880423815475
141,-51.33685888761961
142,-35.97468316002933
143,51.912259993673814
144,2.5387683510073016
145,-143.41573745575437
146,8.391761906500165
147,-82.85145670632575
148,-17.22059004574831
149,22.130699967557447
150,23.263219557670197
151,-60.7911540440309
152,-22.591373273542178
153,43.91201465618079
154,-31.276639147566513
155,-281.04309454055124
156,-123.25382604973586
157,-361.0934183794773
158,-50.864075467391665
159,33.252943019227615
160,-6.247120766986839
161,7.559268375110861
162,-12.502508863904978
163,-81.07051199308584
164,80.58075747159322
165,-57.27386207578698
166,12.037462914152258
167,-32.13399875350758
168,-22.36600806599931
169,-70.38001366845376
170,-22.139340075319605
171,13.906227189491176
172,-203.21512625091046
173,-202.4252221890285
174,-329.9624311880684
175,21.90075719164591
176,-388.9833970728743
177,-15.423220168249166
178,34.71143709195482
179,17.658181394932384
180,-29.05369109920403
181,-97.41016089096628
182,40.84895835295939
183,-2.745341209452164
184,2.4548259100859866
185,11.138521186946207
186,-0.8685768042771684
187,47.988716747142064
188,-58.48202007663602
189,31.473607634402725
190,19.956958361136348
191,-80.99083550195708
192,17.89413800761596
193,-41.8954912990347
194,35.88330890831932
195,-220.2236914969431
196,45.98955725789449
197,-94.60957620374617
198,46.377222698629566
199,6.244254436463208
200,74.20577767348144
201,-75.54090314484952
202,-402.8125869540996
203,-152.0665998368704
204,-34.28285167802984
205,8.671267193680599
206,8.374275740297808
207,-52.178097230117686
208,-34.76021821585791
209,14.795380873575752
210,-25.518870212030638
211,-108.17034236392786
212,-14.743267067672491
213,11.81222410699327
214,58.48719126157138
215,80.78583639074661
216,46.0461050656033
217,-273.1660136007191
218,-15.075640561098401
219,86.02832785413078
220,-7.830209730891482
221,-122.40818773190522
222,48.1424024492494
223,27.50610723084786
224,-238.80774037486123
225,-22.714162977212272
226,21.70083698409846
227,70.75228216531941
228,63.21271124636878
229,179.73400658467145
230,24.79553195153376
231,-60.167684847858894
232,44.09183724353103
233,74.89981294180868
234,80.05511972251475
235,-75.47343726958651
236,49.43871890304195
237,-13.881716540675711
238,-23.00740726022019
239,92.40671256580907
240,-19.510382734478533
241,240.68768100733678
242,-22.026280149882197
243,87.6084605117392
244,-9.352388464903285
245,119.4295449164939
246,47.12744768056348
247,127.51041697027527
248,39.59666827448818
249,-68.31694345956583
250,-28.08052265358532
251,107.20348273926987
252,-124.57952721461587
253,-11.269246442488324
254,-40.664985114173916
255,-201.55723399308334
256,89.57685953412067
257,207.44680009964844
258,4.102647420646434
259,-87.9695141846252
260,-26.335956698104326
261,-362.80319341355164
262,-140.51471951682194
263,-56.357675798498036
264,218.42197571280423
265,-174.45747701499755
266,116.63311615667318
267,-125.80650770518919
268,-145.44350527631303
269,-12.755993212729834
270,-115.6315694046289
271,84.47387922198592
272,-82.74814173523653
273,-162.85544080973
274,-97.82127330519243
275,-556.4639845274381
276,188.3209750381721
277,-354.29296385308373
278,-238.68185625243373
279,64.53591191802748
280,-100.6820820766451
281,163.71435482187078
282,-20.36614497524093
283,-22.885288876195702
284,-120.23217301850156
285,83.431490299829
286,-40.49567129187869
287,117.64079280359752
288,21.132912435446443
289,-65.03897446301372
290,-37.87553855536407
291,-119.62926094972272
292,80.90075233811821
293,-141.33722929283076
294,-203.91293787885456
295,-61.05903618462939
296,105.56251586934609
297,210.6615362676862
298,123.52860299417851
299,145.05190501374744
300,85.55269782663125
301,-87.81247234977022
302,213.62551843833728
303,210.7505271202242
304,-111.53799683575959
305,90.43763931385669
306,206.6846089045975
307,103.40257094354078
308,157.10373927598272
309,-82.82815386241566
310,-346.6462074311844
311,84.05604575576322
312,248.55809424452397
313,177.20586145164273
314,-180.24074741674468
315,99.91228933018523
316,-10.962741283641918
317,82.48290215755453
318,122.85697305499234
319,-278.18967108854497
320,225.63438073455322
321,-37.17013300600398
322,89.70345691725943
323,-72.62902436024626
324,10.473005879257808
325,234.29052043111236
326,208.29771818366225
327,176.39134515921666
328,142.9397599214297
329,79.23820057666326
330,62.67142525444676
331,58.57897712787044
332,212.49937294149782
333,121.16334591765117
334,273.21294367955863
335,81.35656628116433
336,183.75330004232706
337,-33.38128514943199
338,-183.04620635278235
339,50.19230689974036
340,60.616050666006046
341,-11.583794018155102
342,146.31662984010018
343,228.80405354248222
344,35.76142496828092
345,-55.232768526788476
346,-40.434941394457766
347,118.80971567474722
348,-6.513369996688875
349,-116.04759937714712
350,-38.664443929043586
351,-78.75891209450224
352,-18.574032469487094
353,6.794297510901458
354,8.505420137467354
355,0.33598813886084145
356,-1.0480204271854205
357,208.20321794811576
358,-14.419380319014934
359,-25.083998779043412
360,-150.73000785844295
361,31.494520210828483
362,120.17044035306114
363,288.1971099005476
364,121.65814923670669
365,197.95532021169302
366,232.50862966655993
367,176.3339627834745
368,211.0623332573992
369,-90.12145333132743
370,-0.619110992852697
371,239.55914415492163
372,-27.117208037905897
373,235.74786821719044
374,199.91549295156517
375,261.8917737903373
376,197.0295833410956
377,161.23110753395633
378,236.01645745191155
379,-133.69512339364752
380,240.87503990591105
381,180.92421864186514
382,-24.716279195015517
383,202.25588993236303
384,26.024725209808494
385,227.11105157284717
386,142.05995143552792
387,-33.92356342306164
388,-282.33102230224875
389,-38.096302486035135
390,-67.37335586811768
391,104.95157930668258
392,206.5074668075876
393,-30.680542542238484
394,205.2227190429952
395,215.88237123097738
396,261.5006865298923
397,48.563194915716224
398,29.488443805895457
399,148.54747323032734
400,248.47053429477236
401,-48.93355048447455
402,-2.416279743187232
403,-88.54100773593854
404,-9.291580807083562
405,-108.08140451376576
406,245.4949292816125
407,256.5721045056423
408,-30.789600675462168
409,-72.82001250537135
410,-116.40993270480433
411,-61.49492359638026
412,-59.214777017904794
413,81.02750466045156
414,141.83949762187086
415,223.70806361395813
416,-39.81916802020366
417,221.81624492634418
418,219.79908591411566
419,228.66838853474619
420,293.2311073421232
421,-42.8774685117874
422,-108.40295540041306
423,232.70984726672106
424,-64.06078621267686
425,19.70606987845686
426,-0.9666447927581743
427,132.68613151915923
428,259.98981836883695
429,14.24834331516385
430,267.77596115469356
431,202.07126315596415
432,243.02783475747677
433,278.29767245658525
434,11.66306416440625
435,-179.3163497341833
436,269.1556311625138
437,200.50299032799558
438,-335.5839988721829
439,266.9887867455665
440,225.59716555161893
441,293.82253203593586
442,217.87852475857358
443,-28.86104609016578
444,194.26209269237944
445,-27.04807874037771
446,241.600981657113
447,14.517388324045472
448,256.76696686897867
449,263.42532154516266
450,36.391208852968106
451,260.5964534580311
452,34.77979020065294
453,-94.78044377345685
454,231.28584019402797
455,194.77635213014605
456,271.2794657544439
457,-80.8967582443874
458,59.12216685573168
459,212.52098704258617
460,224.5819967650591
461,269.0031200511859
462,261.66063243391744
463,158.93261485353662
464,241.7414204865898
465,264.6482497824401
466,-283.48594525169096
467,195.4262343458254
468,160.20389192750037
469,201.17110193403875
470,6.723554306545381
471,253.63069998570714
472,183.74496537680653
473,-345.0741003003782
474,-59.400122121265525
475,221.58902355169192
476,160.10383036940283
477,-35.754351028103
478,-76.5228082895318
479,21.068319240734326
480,-34.387579181039925
481,274.272460467855
482,264.5918648381471
483,-97.6640487024929
484,-38.13567228602968
485,-98.71689254773047
486,-408.3310095591083
487,-8.124820884423272
488,195.29086477258187
489,-32.64266553474786
490,-59.27049229558447
491,-45.47093688934005
492,259.48890004690253
493,-138.72382280672184
494,-204.31248089839556
495,-19.522997148372596
496,-92.0551805615542
497,-39.95884781984038
498,-99.37984719782852
499,-175.03565323374931
500,-70.34484213121458
501,-98.28977747769561
502,-79.32881243788955
503,-45.371648837090945
504,266.7933677971404
505,-199.39397518210797
506,-99.76419068690453
507,277.48982376763047
508,246.74274618635818
509,-33.339645205875584
510,-52.75000106704551
511,-402.6821043253435
512,167.944946017858
513,-45.14702650877901
514,303.7188213000836
515,-48.88579943710439
516,-63.008371065122724
517,244.13839546887644
518,179.75362063723577
519,-5.313857927459253
520,-228.57051558762348
521,248.4439913937384
522,227.13346257596112
523,-18.190536882156554
524,-62.72997797097926
525,-25.12993402155618
526,-51.974076989410264
527,282.97877567417896
528,-12.540891743496884
529,226.66468502642286
530,-33.665108839508505
531,216.90381641134644
532,133.71787499676162
533,-24.4327568398635
534,195.88755019622886
535,207.87028744349163
536,179.65354448761673
537,143.0942654391367
538,193.13476637994404
539,200.23960412254368
540,9.422240092599736
541,-78.0515438501979
542,201.31194908203491
543,-22.87463657208245
544,79.62577267525177
545,183.16027514864786
546,-58.003404985762856
547,239.0103101004254
548,276.90323273672146
549,244.37541266353696
550,220.68082563951347
551,135.9153322803141
552,243.064623140567
553,150.1326807595786
554,191.6077762592579
555,164.76430509593513
556,199.24573710158745
557,232.7874024306593
558,235.0286261180646
559,284.635796466979
560,-9.333288028484166
561,219.0755881718359
562,-8.472999288762026
563,218.4615122780207
564,249.22609073460447
565,24.970321137822168
566,240.88879158359606
567,99.15584918888757
568,251.2594341577824
569,209.50729493027137
570,260.89560747030725
571,243.46615385364748
572,208.26370545954586
573,256.8158232569615
574,143.66861486330612
575,261.53920437259876
576,283.5114224492529
577,257.3622776458618
578,265.4504069232994
579,187.45618307701614
580,277.05482279287855
581,242.87859005504015
582,262.6102689956072
583,219.06982468263195
584,-46.64642663332482
585,247.46048021865937
586,239.46859688961058
587,251.38401326839124
588,281.9919223293878
589,237.46739790673286
590,251.62076657790607
591,239.93740604812442
592,262.8412331220219
593,226.668570884009
594,245.85346390757942
595,19.863322899271793
596,265.24032736507513
597,248.0971432326327
598,260.88423519524923
599,128.5169261267195
600,262.16277279271014
601,271.86291608695416
602,277.34617289565404
603,249.52777614748163
604,231.9463083256548
605,273.1571539573208
606,-15.981773396198264
607,266.6499282346192
608,253.74007234364845
609,-140.36886278497437
610,-71.27884030208767
611,267.78103078423374
612,-73.99518912266488
613,-16.885459632778463
614,-49.76058478017673
615,47.30709805610542
616,253.37642236105242
617,205.54086144995733
618,162.82132897502265
619,-13.350547044078056
620,196.5622090819457
621,264.098379885109
622,7.510463229358066
623,233.31315689985223
624,271.5044442479143
625,183.03862485882297
626,241.069349526484
627,43.417041190960475
628,120.26586825160184
629,-108.21017627267912
630,-77.26465149147617
631,-113.86841831551297
632,271.6920136829226
633,205.91071205841212
634,276.6002542041561
635,198.4742697544968
636,202.54538073521752
637,229.52523083053836
638,244.89511294015514
639,146.75189752664636
640,229.54338346734636
641,259.8399331665855
642,-89.1337964625257
643,202.3301451035285
644,240.74930886811632
645,-45.74984838684102
646,259.0580980805193
647,229.36049240414405
648,-156.5544689602571
649,258.7413338222319
650,141.79608571323573
651,-117.82693802391691
652,-24.174660091552497
653,-81.85787759351587
654,-120.05400677167728
655,-19.4669115933513
656,-149.10089661520968
657,175.42953530216482
658,261.3585911606866
659,179.8512552064288
660,254.30406928044556
661,-23.735477891048305
662,-36.38978001074559
663,-48.54251359491663
664,-2.1507332721885177
665,-56.38348832485016
666,14.654360015694417
667,-274.84577148432913
668,-7.38765414561232
669,284.09826485149586
670,211.69430263061025
671,258.58838440970254
672,-24.54894844864917
673,222.26329597774424
674,170.4966111582342
675,0.31651766004067383
676,-49.570775724747044
677,4.172582761891846
678,-16.42444925523887
679,267.78163212765213
680,191.6338660812085
681,277.4278705081809
682,-70.28885557887571
683,-38.370767747126635
684,9.98574790782962
685,251.64643025074122
686,-100.99362901599835
687,-1.4331078256392829
688,224.04239805335055
689,232.6534513149445
690,-149.837495363343
691,229.17145005080368
692,273.1140941829542
693,-18.917212175469473
694,-325.1730425107613
695,238.29922759266566
696,-31.092822022280757
697,10.102957683271015
698,268.45536886350453
699,-10.130677348598297
700,259.2263909943887
701,249.01277761423168
702,242.69465545058617
703,263.3750105938457
704,233.1043155436401
705,250.48521086452973
706,-120.61732371932146
707,229.3243711667687
708,0.8573290851774829
709,-18.828886994035102
710,-27.616649395933457
711,263.8851585619349
712,141.94467397615682
713,-140.7855205387291
714,244.99682795420233
715,237.37634926278798
716,-19.505439345180406
717,247.87982500044
718,232.47811342826944
719,-117.02480643242995
720,-36.46972298183622
721,228.7165545435034
722,244.21129736466153
723,246.50436703912627
724,192.43044733876826
725,-304.0156312931358
726,237.49095264800454
727,269.174316602237
728,240.8640344300022
729,-153.0880860708263
730,-620.5972933402143
731,209.3134728485097
732,255.435509725701
733,229.77537408179606
734,201.2396261616988
735,-84.2661049713581
736,-32.7036830173041
737,16.584929274380016
738,-53.208677590652904
739,-245.60025586536395
740,104.81208661410326
741,-81.9378478883325
742,-43.752161972734264
743,-430.4250604406155
744,237.17583601765958
745,269.83290848305444
746,249.91667202176674
747,224.64334022301642
748,167.22935546177433
749,-264.21612623753504
750,-18.827914731809063
751,240.6487771798709
752,-6.453207950603736
753,242.66767379067335
754,248.11793477479821
755,223.50017520809223
756,300.55031102866155
757,240.45934073870873
758,19.191735836910198
759,-46.11796252171008
760,17.385899620556955
761,298.3856949308676
762,11.792907290764036
763,228.37293017861595
764,259.7094976122276
765,269.94735398922285
766,274.903808612896
767,292.35003853399746
768,212.2732365645163
769,282.2395463596814
770,241.89497850506257
771,284.05472861444844
772,279.80146743875275
773,203.66869615889536
774,-44.62473634085042
775,-49.034212753394755
776,267.03175758114753
777,185.53796392417257
778,269.370088408533
779,246.99588654478006
780,250.42430756861282
781,-38.55782816626455
782,249.86480454221683
783,-73.2959196719895
784,2.344145576292121
785,247.80075564373396
786,268.7967321633085
787,242.82785133452418
788,235.11441497249024
789,-30.070781700191056
790,282.23368112146034
791,224.6817443945878
792,200.98265211744643
793,-98.9628983074075
794,228.90472413162692
795,3.959104083894843
796,265.63836699012256
797,112.321234114648
798,227.18336587065863
799,243.09237498700105
800,-38.09332632611545
801,233.4441937423478
802,186.96491431624764
803,240.6619896973604
804,254.33760881311306
805,269.5930871635402
806,244.56472778962296
807,264.3477305686722
808,249.48332482182758
809,229.67616816101244
810,274.0690461936498
811,262.6684120747328
812,253.41047557335403
813,229.3973591292274
814,250.1384603042189
815,248.82557133617723
816,207.15529473180135
817,266.6607135297164
818,197.53081312193194
819,277.59067930719755
820,243.64971942671053
821,278.7358556601321
822,143.33319182522564
823,265.40141695692955
824,-54.01205951339097
825,225.95617196960131
826,258.00919699606277
827,250.93397351423053
828,269.4734990265623
829,-41.03471139785939
830,174.82177333649477
831,205.52508632392875
832,146.70015332482785
833,260.4335274015301
834,275.8700812032305
835,245.8330611373734
836,272.48604649447134
837,239.31428652562496
838,226.88076705948808
839,256.4446696175587
840,226.4762308964194
841,272.7319343680376
842,219.6661388223083
843,190.37094766186175
844,256.7070674493476
845,215.3383759691475
846,228.57866706709964
847,241.28463947966395
848,267.8568801114167
849,244.66983362578816
850,264.8826840426176
851,241.66789504589812
852,242.33828081144924
853,214.00162245281345
854,238.47582283225256
855,226.40130034408998
856,-50.968114318302604
857,197.28987999836392
858,162.55695073731647
859,249.35115193457864
860,245.66775642311097
861,266.54994220774665
862,-93.40353031096153
863,240.90809527610378
864,309.03025080779037
865,239.2500847515458
866,229.84759794720824
867,268.83489392198805
868,170.15989163084765
869,241.11041514983665
870,257.63991806662557
871,307.1896725056541
872,238.0282230546475
873,286.23617057982494
874,260.3724028019109
875,231.33591653682075
876,-22.067126065900197
877,281.7662581078804
878,252.01803318170903
879,246.23230648201232
880,-11.309176708870254
881,279.2970047329163
882,259.70903938826655
883,233.14762177613926
884,238.35328817736288
885,284.53133806521413
886,281.3581498818537
887,230.70227822327212
888,286.71643795148356
889,248.92574780501823
890,235.71557612240485
891,-278.7706953360282
892,21.779833964004865
893,268.946334211527
894,-317.9356633454496
895,266.3996794079559
896,247.74974897906608
897,254.0017793886519
898,259.4699919573633
899,-4.678262241827767
900,267.40694704403705
901,248.55397947277493
902,258.35297174737303
903,273.32698375077575
904,-120.19886862606083
905,260.63670428008953
906,-251.5158469462964
907,266.82205872522644
908,22.43260792206783
909,-110.93913607539676
910,296.0203781923876
911,-41.20942805822323
912,-351.474231342306
913,242.63234621491313
914,213.21295607869553
915,246.59147131670088
916,223.4057036562091
917,238.02321092818477
918,215.45062331803058
919,193.51626788053926
920,139.39406705703072
921,256.21111029303
922,-126.10923502532613
923,245.50662999155236
924,19.015012836803663
925,245.68715820480372
926,199.1041626980433
927,-276.7243714696828
928,278.13120249564605
929,181.61253013422237
930,241.58572876377025
931,-78.51273089352807
932,247.5470054904033
933,273.54671351581885
934,270.01409401477855
935,263.5572065617778
936,239.38712819744507
937,261.4152942840807
938,245.24274310029665
939,274.9439173344757
940,-193.53098032575244
941,24.50853203894033
942,267.4130987338417
943,230.71129761797707
944,247.18282168018337
945,253.15370885401973
946,206.41389038180984
947,251.55492456922642
948,230.35286794915908
949,248.7568719527639
950,278.4338507248846
951,8.386497782802024
952,255.66022543603515
953,235.25311374619542
954,155.90208019996672
955,282.93163670377305
956,238.81014750307088
957,250.1272415334519
958,245.08753542919587
959,230.96981995703328
960,242.33681975767212
961,214.82468533558398
962,274.518105719653
963,19.449401865806863
964,225.56606301774312
965,289.9519236473427
966,262.12587389296493
967,256.44122237225037
968,-178.57634713513187
969,271.51681016224967
970,264.9377402011416
971,253.6727285854587
972,245.32761262268298
973,263.6502985245954
974,220.11921583375465
975,15.355748175477288
976,270.9401771991397
977,271.70939778063513
978,252.29858970190327
979,279.1044244476259
980,223.64999433551029
981,275.6212726292848
982,274.4490416544488
983,-261.9584910504583
984,268.3247683435982
985,238.02409396532914
986,12.36259584039864
987,232.48868551812947
988,104.65635132455269
989,49.10188691878312
990,249.8632431715059
991,274.69982620912845
992,270.78200791757195
993,284.3338247757531
994,242.05259984329476
995,256.48336600004615
996,272.63513523060743
997,247.5998239236938
998,294.3242479543659
999,261.96666992563246
1000,257.496887481938
1001,274.0079175243946
1002,263.9738009385975
1003,256.1068070655551
1004,251.7830811633425
1005,245.99689796972493
1006,276.7454605056481
1007,248.58832400820802
1008,264.91917874043344
1009,254.1863632200984
1010,282.94436464223554
1011,176.2593172993562
1012,266.70804326847167
1013,222.1956723791487
1014,241.59689191397385
1015,262.650333834103
1016,243.20309680805235
1017,190.49479916654818
1018,26.31012126446376
1019,239.77376928278477
1020,301.38407924383665
1021,-261.76092568577417
1022,27.502378684909544
1023,265.08766591010954
1024,198.12351694629353
1025,-28.17571829827277
1026,53.469420645059444
1027,266.7677489768995
1028,247.72086316179264
1029,254.87144502800442
1030,37.766208881731956
1031,241.4283780756994
1032,250.94032464738507
1033,251.51266826922534
1034,275.44329363712563
1035,281.995116559983
1036,259.1038069278869
1037,273.6419247112411
1038,263.6091472278697
1039,212.92238987243778
1040,-72.2637218853049
1041,158.98120157959943
1042,-125.10464833879882
1043,242.9487975414092
1044,-70.26359260060725
1045,-93.97141261237822
1046,-41.22992268483583
1047,236.67815328433994
1048,274.48187429902725
1049,253.54906623252108
1050,277.44545073359694
1051,187.99305805122995
1052,263.2369961465697
1053,254.2800282846362
1054,260.2094688543132
1055,-159.90183258184157
1056,268.7319993838609
1057,-131.59913427381665
1058,278.2010154127935
1059,256.83192989390415
1060,276.3309629710009
1061,266.7188188342492
1062,223.68107819319243
1063,220.05714404382255
1064,45.549599986349534
1065,244.7976846178248
1066,-72.97684087054589
1067,247.76099556551702
1068,228.73178180064937
1069,203.95792752679318
1070,249.9420754658563
1071,-148.16961822406762
1072,277.5730785447141
1073,36.54971752572598
1074,234.9885131742865
1075,263.2041859345268
1076,267.96401760498236
1077,241.0516206801789
1078,277.65562561220963
1079,232.14263412472
1080,255.99121974293152
1081,268.35278035141295
1082,22.007561218057404
1083,18.54274174394216
1084,-41.43487758960393
1085,271.8838943746006
1086,273.4912462031116
1087,49.234272191713785
1088,-191.92666091028843
1089,269.4027345164136
1090,43.57010445047439
1091,57.4634095857009
1092,296.3500885137495
1093,217.38594686376987
1094,-62.04761897025833
1095,29.955203812548717
1096,255.9725684657316
1097,57.526052005758174
1098,-256.3613493501126
1099,44.50488355180735
1100,285.89597169902817
1101,266.7047011180656
1102,-34.333321188297305
1103,247.32128476134216
1104,247.46315623901273
1105,21.96874522340437
1106,67.13882342357402
1107,38.707743721695266
1108,251.999967675071
1109,271.106057153018
1110,255.09092003708693
1111,266.1936616704708
1112,58.742194124299544
1113,226.1176942602678
1114,-122.3628543205249
1115,-120.55093220837908
1116,55.030199394498965
1117,282.2372006149363
1118,253.6808435445144
1119,213.205034739626
1120,31.613557386336424
1121,28.945989432654244
1122,30.847711172048122
1123,270.3824746017526
1124,-61.14944846788235
1125,-105.93708073169829
1126,249.79265149401746
1127,-125.43983516304449
1128,290.88325625102686
1129,259.09831788408155
1130,272.1082107185025
1131,275.15356874018255
1132,246.37045356485712
1133,32.444223277172426
1134,161.29959905456252
1135,231.46727476856938
1136,64.10677229588558
1137,-128.34334837868047
1138,-18.491576486015855
1139,257.32127533448283
1140,268.38428764179343
1141,283.4594523348943
1142,-44.21077484605885
1143,239.75783148463242
1144,298.2983179205638
1145,268.8100892706865
1146,252.22816686173041
1147,-31.257279305214666
1148,-181.80354139181364
1149,288.9695535674648
1150,-93.77274357814058
1151,253.0758803786261
1152,44.68248184023932
1153,267.5512817800079
1154,294.0093841445971
1155,181.5289568099023
1156,-57.46697622924174
1157,230.79011650696674
1158,139.966722979222
1159,266.1868707230801
1160,238.86607136465315
1161,203.24974797226022
1162,-115.72067074452903
1163,275.0563685450162
1164,260.2969167553378
1165,-92.53119354200022
1166,-8.715940387414065
1167,-160.14447227697528
1168,-158.00661726404218
1169,279.69001150556943
1170,276.8014157776029
1171,287.3577941830121
1172,8.406005459431839
1173,-121.42586551982515
1174,-402.4653323737504
1175,-240.66373308212567
1176,224.37920274258363
1177,7.826575801427055
1178,244.38171004547164
1179,232.8547967069708
1180,248.20775660993277
1181,257.74856407911614
1182,257.89913814523203
1183,287.854612960656
1184,252.83461324009818
1185,207.11586069829485
1186,277.71376562809803
1187,5.223376229162682
1188,2.38087896776193
1189,-27.595300587681336
1190,271.4276739417027
1191,8.897901589996621
1192,251.56260467320507
1193,-154.2445671297906
1194,-167.52154810478004
1195,252.3265011604285
1196,256.30451065891157
1197,202.5759557661192
1198,270.0951168086864
1199,295.64092133821043
1200,272.18203170405644
1201,225.93951948443504
1202,282.45422040937706
1203,244.4868657812676
1204,233.21803059883933
1205,294.1384562251679
1206,256.1490156776483
1207,282.9662164619747
1208,255.10811581811075
1209,-4.942434238271858
1210,261.8771257538507
1211,280.1198105346992
1212,159.7244259451632
1213,259.5394984055139
1214,265.81825754527125
1215,-1.9410907811893736
1216,259.85038727370306
1217,252.92212704156825
1218,17.4746828355145
1219,17.222707505724415
1220,231.09705854754017
1221,16.651764553262666
1222,185.24680648837318
1223,277.1843693279505
1224,255.97924351015
1225,253.40468443414923
1226,212.44980544624627
1227,252.78353560244412
1228,260.7447647012257
1229,256.2403500816892
1230,279.62939151718274
1231,275.77351753789344
1232,284.77629994079575
1233,-238.24899692218042
1234,289.7839838140199
1235,240.27921860958895
1236,282.40885231812047
1237,250.56599689306483
1238,263.6746476302508
1239,266.9440054745644
1240,260.8709834591223
1241,150.8066297866563
1242,295.92147559445266
1243,282.54705067635086
1244,288.0207110652112
1245,239.2887051835437
1246,223.20767684787606
1247,43.59230832264592
1248,255.5237490758738
1249,253.83791696162774
1250,265.68585971030626
1251,258.8845129246333
1252,269.9850532271038
1253,281.78996398312074
1254,265.80627201674776
1255,-34.81608094802999
1256,20.823405752797896
1257,284.0041684272362
1258,282.2707231652122
1259,265.67786537310343
1260,243.29830265986303
1261,265.51231448385033
1262,225.59768063946052
1263,273.0981022083862
1264,282.83388429341164
1265,177.802900844463
1266,266.7720911555328
1267,251.21769417060423
1268,268.96848339534733
1269,-46.48331159346183
1270,258.8299798092783
1271,280.88651833000586
1272,272.26419516157347
1273,289.76855143481254
1274,289.49366260214475
1275,-69.76968626356489
1276,270.6902739806517
1277,251.13591509291297
1278,274.16038844208816
1279,253.38724328973228
1280,35.61849199567439
1281,264.54656280349946
1282,237.48409227529532
1283,-50.642072971696365
1284,274.2790871144248
1285,280.82227094688716
1286,271.27859492093586
1287,-47.04302050204289
1288,250.98635176475963
1289,273.49149942836794
1290,280.88690864252646
1291,262.0178874808173
1292,250.26859834864817
1293,275.29181722442604
1294,272.08919392797867
1295,263.16851511919106
1296,291.0083154635408
1297,-98.53821178834546
1298,270.29527700208473
1299,-6.452359646319408
1300,282.11255706969473
1301,245.31458921867895
1302,235.17734579198486
1303,271.1440354422931
1304,282.2708997952817
1305,236.33852531307795
1306,268.39902525844184
1307,-120.12500943519647
1308,274.34226369203
1309,258.76769226724167
1310,167.53082281570107
1311,-220.9318567089873
1312,253.31868652322865
1313,276.2144827152743
1314,157.27585335115918
1315,272.0885611890286
1316,84.68046425925516
1317,-165.01368545120062
1318,135.5016226111397
1319,251.61818197993955
1320,285.4944135201562
1321,268.2309133067947
1322,284.1329308226424
1323,256.87047342279766
1324,268.2534818086093
1325,235.43295948671232
1326,261.8521138078527
1327,268.20574733824253
1328,200.06196481008996
1329,291.9895263104276
1330,259.464263714935
1331,205.51113088942293
1332,247.04298533272262
1333,286.63365951146227
1334,277.59323467232855
1335,121.66660508708713
1336,287.39272835510786
1337,270.92536467224716
1338,285.08986006926386
1339,277.82230418710174
1340,276.9896152799281
1341,256.0741760734749
1342,284.85411497606333
1343,226.78360764093821
1344,248.31969160952605
1345,211.22134523099731
1346,287.424459449328
1347,281.24967651606505
1348,296.7662029306406
1349,227.64080081449507
1350,251.72470052525782
1351,255.97899741078953
1352,273.92945760100406
1353,286.4679160826053
1354,279.1298302451849
1355,270.70617059657155
1356,272.5291995875823
1357,260.47973112529525
1358,285.7543933748349
1359,255.8478748957801
1360,256.17233222134587
1361,273.3437175007408
1362,258.7463092158817
1363,293.5351593934122
1364,279.5405595584324
1365,252.8450801072283
1366,266.2192359268936
1367,278.30804412918854
1368,277.5354300781657
1369,263.8190624322391
1370,278.6063841187068
1371,272.0003658019299
1372,289.8296132554855
1373,269.67794225762583
1374,246.37914837544093
1375,292.53416640520015
1376,302.5272725843879
1377,240.8129214552393
1378,227.42801837435786
1379,283.1905232217692
1380,263.5989298130918
1381,256.8006557424167
1382,259.8015421513831
1383,268.8810773538902
1384,274.65123763626013
1385,290.1463992264994
1386,260.91463014168244
1387,263.431501918436
1388,264.61119482061986
1389,243.71945550304207
1390,276.3440533718548
1391,263.806183712363
1392,255.17537963431207
1393,274.6443834646833
1394,284.09084946769315
1395,271.2744492006808
1396,271.89434312768884
1397,246.20074138134723
1398,287.5159861233544
1399,281.90373443493615
1400,272.64244309035877
1401,288.21069107694086
1402,273.03190959467497
1403,273.73500941193555
1404,274.42190183474065
1405,271.19134535191176
1406,275.80653170796677
1407,245.98417606571536
1408,267.0926233430954
1409,4.943424069657368
1410,271.858511478201
1411,254.06090049063698
1412,274.4360806095259
1413,246.04186427090343
1414,241.52122926276536
1415,284.75484196765694
1416,183.69790535170043
1417,272.98068887507304
1418,271.50600103758114
1419,282.9941801775658
1420,270.689419833777
1421,263.567720507083
1422,307.9998518672168
1423,10.365102450367672
1424,289.3511271789759
1425,276.40214607655275
1426,230.61470175337092
1427,286.91120181503663
1428,256.76543703668824
1429,263.7894931703033
1430,258.76946356233054
1431,247.18853200611534
1432,261.50097570557904
1433,254.6557901894326
1434,-22.697929768806745
1435,265.3852063403143
1436,267.1916179823015
1437,270.5392074072488
1438,243.23995003585176
1439,259.9996551969474
1440,240.18874383015384
1441,278.9204009279856
1442,269.637920938936
1443,267.1366075407732
1444,273.006455003979
1445,251.41944290260025
1446,268.8496213908021
1447,256.3927851407559
1448,242.38822464825915
1449,227.51576964599383
1450,262.69157972235314
1451,246.81387090149582
1452,245.7610712599456
1453,239.7979920370188
1454,212.13379512673265
1455,276.04686296423984
1456,267.3694422238391
1457,255.28931724709835
1458,269.3837684301552
1459,269.5755488659928
1460,259.72585581158876
1461,281.63528602515925
1462,244.21528812658906
1463,280.24208507801825
1464,278.4620354946295
1465,251.1324661047545
1466,265.5648446058194
1467,250.99799006619642
1468,-314.41763746915854
1469,-29.50541391314532
1470,257.71316503743776
1471,213.57851428417803
1472,275.8101005224661
1473,265.42528885389163
1474,283.338972057036
1475,246.05389819390462
1476,172.66004793658533
1477,272.5694017554998
1478,227.11734830430868
1479,246.77644346108912
1480,246.21246790735458
1481,-10.777362981542495
1482,267.3883348214284
1483,255.2009906541047
1484,275.9460339053229
1485,244.55997763409923
1486,280.59422370654323
1487,280.392662910738
1488,249.48267455550473
1489,276.4696668310635
1490,254.72392545970072
1491,272.31751984532235
1492,252.48929174845998
1493,276.88024165492243
1494,289.9212566577653
1495,246.7117926098361
1496,267.9042488642723
1497,260.1578139859498
1498,270.20822363098455
1499,273.93712145296854
1500,311.72481808524753
